,Model,RMSE,MAE,MAPE,R2,DirAcc
0,Naive,0.016940516181126818,0.011609508629903469,55028649.37670717,-0.7663663344574858,0.5091615769017213
1,LinearRegression,1.9145641052797167e-07,1.4115658117593998e-07,626.2626441486011,0.9999999997743854,1.0
2,RandomForest,0.0011719469383807014,8.215782319605255e-05,404318.2722217325,0.9915463668404144,0.9994447529150472
3,"ARIMA(1,0,1)",0.010885095016858535,0.007145005319635196,34330705.82097801,-0.0008942902664539343,0.5456563974465723
4,LSTM,0.021962368050795756,0.010625985694445502,47043309.64492173,-1.9863568474182483,0.4697910784867307
