,Model,RMSE,MAE,MAPE,R2,DirAcc
0,Naive,0.016940665412745325,0.011610237609750653,55035939.175179,-0.7663867988253128,0.5097168239866741
1,LinearRegression,1.9306322165956213e-07,1.42319107197314e-07,630.9432643044353,0.9999999997705838,1.0
2,RandomForest,0.0011977884252225872,8.763011100366762e-05,404223.151694027,0.9911695038743576,0.9994447529150472
3,"ARIMA(1,0,1)",0.010908593792517891,0.007155959429570243,34436671.98613683,-0.0003692001805801759,0.5459339439356092
4,LSTM,0.01805977827276163,0.014385836609723084,44848320.4224597,-1.0168428205117186,0.46696781479390176
